"Path","LineNumber","Line"
"C:\Users\USER\Desktop\rizqak2\app\shared\components\base\BaseTreeConnector.vue","25","      :style=""["
"C:\Users\USER\Desktop\rizqak2\app\shared\components\base\BaseTreeConnector.vue","39","      :style=""lineStyle"""
"C:\Users\USER\Desktop\rizqak2\app\shared\components\base\BaseTreeConnector.vue","46","      :style=""lineStyle"""
"C:\Users\USER\Desktop\rizqak2\app\shared\components\base\BaseTreeConnector.vue","48","      style=""width: var(--filter-tree-branch-length)"""
"C:\Users\USER\Desktop\rizqak2\app\shared\components\base\BaseTreeConnector.vue","52","      :style=""lineStyle"""
"C:\Users\USER\Desktop\rizqak2\app\shared\components\base\BaseTreeConnector.vue","57","      :style=""lineStyle"""
"C:\Users\USER\Desktop\rizqak2\app\shared\components\base\BaseTreeConnector.vue","64","      :style=""lineStyle"""
"C:\Users\USER\Desktop\rizqak2\app\shared\components\base\BaseTreeConnector.vue","66","      style=""inset-inline-start: 0; width: var(--filter-tree-root-branch-length)"""
"C:\Users\USER\Desktop\rizqak2\app\shared\components\base\BaseTreeConnector.vue","70","      :style=""lineStyle"""
"C:\Users\USER\Desktop\rizqak2\app\shared\components\base\BaseTreeConnector.vue","72","      style=""inset-inline-start: var(--filter-tree-control-center-offset)"""
"C:\Users\USER\Desktop\rizqak2\app\shared\components\base\BaseTreeConnector.vue","76","      :style=""lineStyle"""
"C:\Users\USER\Desktop\rizqak2\app\shared\components\base\BaseTreeConnector.vue","78","      style=""inset-inline-start: var(--filter-tree-control-center-offset)"""
